text,label
ikn ibukota koruptor nepotisme ,negatif
sy mau tanya ikn itu untuk apa trs yg menempati ikn rakyat menengah kebawa apa untuk para pejabat ,negatif
bapak skolahin anak nya yg setinggi nnti bsa ngelamar krja di ikn nnti dsna jg bakal ada skolah rmh sakit dll,negatif
wacana belim ada kesitu realnya dan faktanya aja jangan ngomong yg blm terlaksana,negatif
follow ig ikn pak udh dr lama kq buka lowongan trs siapa tau mau dftar,negatif
gw yg tinggal di ikn,negatif
kabar angin katanya anggota parlemen tak ada yg mau pindah di ikn ya ,negatif
bandara k ikn brapa lama,negatif
ayo dukung tapera demi ikn,negatif
bakal di buka umum gasi,negatif
ini yg desain siapa si bangus banget apa lagi klu udah jadi,negatif
ikn itu apa ya,negatif
jirrrr iri banget gw sama paskibraka tahun sekarang udah bisa upacara di ikn ya apa masi di jakarta,negatif
pelantikan presiden terbaru kapan,negatif
buruntung lah kalian adik paskibraka nasional tahun ini,negatif
progres pembangunan bukannya sampek ya,negatif
udh  gitu taun ini keknya,negatif
seumpama hutang pembangunan ikn tidak lunas sampai kiamat nnti yg nggung di akhirat president apa rakyat ya,negatif
emg bisa udh selesai sebelum agustus ,negatif
lokasinya dimana,negatif
bingung mikirin konsep jalan ny paskibra nyapkh sama kyk di jakarta,negatif
nanti rumah ku jadi salah nya disana amiinnnnnnnn,negatif
fix kalau ikn jadi aku mau jalan ke ikn aja gak ke jakarta,negatif
yup soalnya banyak pepohonan,negatif
siapa yg bilang mustahil kemaren,negatif
ps,negatif
burubngt,negatif
ya baguslah knp emang kalau buru,negatif
ada macan ngga ya ? ?,negatif
berasa di luar negeri,negatif
lapangan langsung menghadap garuda megah minus kayaknya panas ya,negatif
keknya ga deh bang soalnya banyak pohon dinsekitarannya,negatif
pemerintah mode serius,negatif
ini mau dipake buat agustus tahun ini ya,negatif
umr ikn brp,negatif
what are they building,negatif
jakarta sepi deh ?,negatif
pgn deh tinggal sanatapi masih mekirkan gelandangan di jalan ngak ada rumahsemoga pemerintah dan presiden bisa ngasih tempat mereka tinggal,negatif
pemerintah daerah dlu coba tanyain,negatif
jadi pen jualan gorengan di sana,negatif
tidak ada motor mobil,negatif
lebih tepatnya untuk para pejabat,negatif
anak paskib yg ikut uapacara di ikn,negatif
brpa tahun lagi ikn resmi,negatif
p info loker di ikn,negatif
suatu sat pengin ke ikn,negatif
gedung khusus para pejabat doang kah,negatif
q kerja d waskitanya ,negatif
gak sabar liat upacara pertama kali di ikn,negatif
bangkit lah jiwa dan raga nya untuk ibu pertiwi,negatif
upacara tinggal bulan lagi ?,negatif
dulu klo mau ke ibu kota naik kereta nyampe tpi skrng mau ke ibu kota harus nyebrang laut,negatif
saya dari cilegona,negatif
cuan,negatif
yuk bikin homebase timnas super megah lengkap dengan alat gym nya,negatif
pengen kerja disini tuhan ?,negatif
kalau ikn dah jadi boleh ga sih kita rakyatnya dtg kesitu keliling,negatif
saya orang awam nihsaya mau nanya gunanya tapera itu apa sih ,negatif
katanya ikn siap sampe akhir tahun,negatif
buset udah kayak eropa aja,negatif
mohon para pengawas juga ikut memantau dan mengawasi,negatif
brp tenaga kerja dan alat berat terlibat di ikn,negatif
jogetin aja,negatif
uda berapa 271t habis ya,negatif
bisa ga ya,negatif
bayangin aja duit 271t itu di buat tambahan renovasi proyek ikn ini bisa jadi kaya apa coba,negatif
katanya ikn itu ikan,negatif
ingat mega proyek dijaman presiden sebelumnya yang terbengkalaijdi jngn sampai ikn seperti itu juga,negatif
harus naik kapal dulu gak si klo di jakarta ke ikn,negatif
jika jadi kota nya gw bakalan tinggal dan hidup di ikn,negatif
kalau tapera buat pembangunan di ikn gue rela karena guw nganggur,negatif
ikn di mana yak ,negatif
ada kereta ga di ikn,negatif
dosen pns bisa pindah ke ikn,negatif
untuk pejabat saja mewah kan,negatif
tunggu saya ikn saya otw,negatif
gamau komen ah,negatif
weh demi apasih inih di ikn ? ,negatif
kek eropa vibes nya,negatif
coba yg minta roro jonggrang,negatif
pengen kesana,negatif
ayooo lah gabung gw pengen buka tambal ban pertma di ikn,negatif
ini yg jalan progresnya cuma area inti ya area lain mah masih sepi ibaratnya yg baru jadi mah seputaran jalan merdeka doang,negatif
ikn mirip las vegas,negatif
habis 271t lho,negatif
misalkan org sumatra mau liburan kesitu apakah bisa atau hanyar untuk org org tertentu,negatif
yang nempatin orang indo apa singapore,negatif
saranjana,negatif
waktu ke sangatta sy travel dgn seorang bpk dia bilang klo di ikn blm terbangun apa dan tdk akan terlaksana ,negatif
was was kita,negatif
aku berada di barisan rakyat jelata yg mustahil bisa menikmati kecuali para pejabat dan konglomerat  padahal itu ada uang pajak kami yg selalu tat membayar,negatif
modern,negatif
kayak di luar negri,negatif
keamanannya kykmna ini ada yg tau ,negatif
aku tak kuliah tenanan wes,negatif
iri banget sama paska yg lolos di nasional gw aja di kabupaten ga dapet,negatif
gagas seleksi pusat,negatif
lowongan kerja banyak nih di ikn,negatif
apakah tdk membayar klo masuk kesitu jalan,negatif
boleh gk jalan kesana melihat kemewahan ikn,negatif
blum selese,negatif
uang gw ada disana aing ,negatif
bulan belum gajian,negatif
gua kek serasa di luar negeri vd nya,negatif
kota modern,negatif
letak training center nya fi mana si kak,negatif
gbu,negatif
ohh waskita,negatif
yok bisa yok kerja disana,negatif
berasa liat negara baru,negatif
ini aceh bang,negatif
apakah bakal ada stadion lagi kayak gbk,negatif
tadi baru liat video pemasangan tiang benderanya udh selesai tinggi tiangnya meter,negatif
udh setengah perjalanan,negatif
kelas,negatif
lama amat jadinya,negatif
kira selesai ny kpn ya,negatif
pengenx ikut hadir upacara kmerdekan agustus dsna jika berkenan d izinkn,negatif
gila sekitarnya masih gunung,negatif
jadi pengen jual kerupuk disana,negatif
pontianak kalbar utk,negatif
ituh dimana sihh jakarta,negatif
penasaran sama bentuk isi gedung ya gimana,negatif
pingin jualan tahu bulat d sana ,negatif
dan upacara kenegaran peringatan hut ri yg terakhir presiden jokowi,negatif
udah jadi aja,negatif
untuk masadepann,negatif
gw ngiri terus sma temen yg dinas dsna pengen juga soal nya,negatif
saranjana didunia nyata,negatif
ga smpt ikut upacara wehh dluan lulus ,negatif
siap siap jadi kuli ?,negatif
rumah pejabat,negatif
kaya jurasic park,negatif
adakah disini bakal dibangunkan sebagai bandaraya besar seperti jakarta,negatif
sarang pejabat yg baru nich ,negatif
cantik tapi tgk jalan kecik amat mesti macet teruk nih,negatif
like putrajaya malaysia,negatif
ibu kota jkarta emng dah waktunya pindah klu masih d jkarta blkalan dkit demo dikit masa trun k jalanklu ikn kyaknya aman krena orang klimantan g auka demo,negatif
panas bgtt tuh pasti klo upacara di lapngan nya ? ? ?,negatif
ntar di taroin ac keknya bang,negatif
membayangkan betapa panasnya,negatif
fibes nya udh kayak di luar negeri,negatif
ayo mb aikan pajak utk ikn tapera utk ikn palagi ya,negatif
berapa puluh ribu org yg kerja di ikn,negatif
candi ikn,negatif
aku setuju aj mbgun ikn tpi ya jgan nyusahin rakyat cari dana lewat program gk jelas mnding pjbt kya koruptor tu duitnya ato jual pulau,negatif
sepintas mirip disneyland,negatif
ada lowongan kerja nya gak sihh disini ?,negatif
otw pindah kalimantan,negatif
nk buat cam putrajaya tu,negatif
ada stadion gak y,negatif
ikn balikpapan cuy,negatif
gw ditawarin kerja proyekan di ikn njirr ambil jgn,negatif
salam dari pekerja ikn rumah tapak jabatan mentri,negatif
ini seperti nya selesai pembangunan ikn akan selesai di tahun,negatif
kita rakyat jelata cuma kebagian ngelihatin doank sama kebebanan utang ikn,negatif
ini ikn untuk rakyat,negatif
untuk rakyat kah ini,negatif
kapan jadinya kn,negatif
yang tinggal di situ orangkaya kyaknya,negatif
klo udh jadi jgn d jual ya,negatif
d kalimantan ngk cocok klo ngk d tanamin pepohonan krn panasnya luar biasa jam pagi itu sudah panas sampai sore jamklo terbuka seperti itu yakin lah ngk ada yg mau jalan kaki d situ,negatif
ini untuk siapa rakyat atau pejabat,negatif
ikn sebelum dibangun rakyat indonesia bilek,negatif
memang jiran kita kalo iri nomer,negatif
koing lah,negatif
panas cuy,negatif
ikn banamange ,negatif
kata bapak gw monas mau dibawa ke ikn make helikopter,negatif
jauh dr para kafal gurun yg selalu demo di monas ,negatif
ini propaganda apa gimana gw ga peduli soal ikn tapera gimana ikn hasil dr peras rakyat kok d banggain,negatif
mau dong aku kerja di ikn lagi cari kerja,negatif
ikn (ingin kebelet negara),negatif
marmer dari gudang gue tuh udah kontener masuk ikn,negatif
skrg tiket d kalimantan lumyan mehongmogga ada ikn tiket pesawat bs agak miringdr kaltim ujung mau ke mall balikpapan aja naik pesawat p maklum tempat ku ngk ada mall atau bioskop ??,negatif
siaphrga tanah d kalimantan,negatif
tapera gw bakal lari kesini ?,negatif
gaboleh ada motor pokonya,negatif
ya allah q pengen ke ikn doa dulu gp kan,negatif
tempat raja jan ethes bernaung,negatif
pendemo yg sering koar di jakarta gk sanggup demo di kalimantan ongkos mahal sokorrr,negatif
bagi info dong gimana supaya bisa ikut upacara agustus di ikn,negatif
org luar kalimantan bnyk yg alay (bentar lgi gw di hujat jir),negatif
izin mengingatkan,negatif
nabi muhamad saw wafat pada usia tahun pada hari senin rabiul awal hijrah atau bertepatan juni masehi,negatif
kaum penyembah rocky gerung mana nihh kok ga nongolyg katanya kaum paling cerdas seantero bumi ,negatif
ikn indo,negatif
emang hambalang mangkrc,negatif
panas gk sih disana weh info perumahan,negatif
insya allah jadi browkrn semua kontraktor dr dulu krj berdasar kontrak proyekami di kemenko kontrak sampai nopember kalo lewat itu berarti kami rugi dongmakanya sampai agustus minim lah ,negatif
tempat nginap taipan cina yg akan menjajah indonesia selama tahun digadai jokowi akibat utang mengatas namakan pembangunan infrastrukturbila bls bls,negatif
tempat tinggal masyarakat dimana ,negatif
ya harus jadi lah bro demi jaga gengsi junjungan lu pada mau negara hutang cashflow minus ratusan triliunan dan g ada satupun investor mau masuk kan bisa diambilkan dri tapera oke gas oke gas,negatif
otw mangkrak,negatif
puanas nya kek apa inii cok,negatif
percuma punya bangunan megah kalau didalamnya garong ,negatif
bikin ngiler pembenci yg ngakunya pandai tidak bisa bikin karya kayak beliau yg dulunya cuma tukang mebel mereka bisanya cuma nyinyir dan nyonyor top pak jokowi,negatif
yakin gak terjadi ,negatif
air buat mandi aja susah ,negatif
yg kerja pada ngeluh mandi susah minum sulit terlalu berhayal bisa terlaksana agts ,negatif
proyek mangkrak ,negatif
udh ga punya urat kemaluan pemerintah sekarg tanah rumah yg digusur aja gajelas nasipnya skrg,negatif
semua yg d jakarta pindah di sini ka,negatif
waskita lagi kontraktornya,negatif
tukang plafon hadir,negatif
pasang di gedung kemenko,negatif
bikin stadion bola sih,negatif
ikn sekarang,negatif
papua sekarang,negatif
malaysiaserawak ketar ketir ibu kota indonesia berada di perbatasan kalimantan sama serawak,negatif
bangunan doang ngeri tapi iq warganya kebanyakan kebawahlawak,negatif
demi ini pajak naik ,negatif
gamonn upacara disinek,negatif
yang lagi cari tanah kavling strategis di ikn bisa mampir ke vt ya jarak ke pusat ikn hanya menit saja harga terjangkau mulai dari jt yuk di gercep sebelum kehabisan ??,negatif
bonjour what bagai mana to orang astagfirullah waga ne papua iku kae pie to jane apakah tak di urus ke cemane la,negatif
pasti jdi kota hantu lihat saja nanti ,negatif
aku doakan semoga ikn tidak ada tikus berdasi amin ,negatif
hahahaha hahahaha hahahaha konoharezim bangsat,negatif
buset ngapain pindah njirpdhl kaltim bagus pemandangan nya malah ikn ikut sini coba tetap aja di jakarta,negatif
terlihat hutang yang menumpuk,negatif
kemudian dia sambung orang yg mindahin ibu kota ke kalimantan itu orangnya kurus pekerjannya dulu tukang kayu tp kerjanya tuh nyata walau sering dibilang ini itulah oleh orangyg tdak menyukainya,negatif
koq gw nangis ya baca nya ?,negatif
kok gue gak nangis ya,negatif
selain mencari nafkah mereka yg bekerja di sana sedang mengukir sejarah,negatif
kira kalau anis kepilih jadi persiden ikn pasti di lanjutkan ga sih pembangunan nyh,negatif
panas ga sih di kalimantan,negatif
ijin bertanya minapakah benar upacara an thn ini di ikn,negatif
menyala angkatanpaskibraka tahun ini kan anak jd mereka paskibraka pertama yang upacara nya di ikan ,negatif
berarti upacara kemerdekan terakhir pak jokowi sbg presiden di ikn ya,negatif
pak bisa ga itu di tiang bendera paling atas di pasangin hologram bendera yang rollsquare gitu jadi kalo bendera nya itu bisa nyala di malam hari ,negatif
ukt kuliah mahal kini bos,negatif
ikn ada tiang listrik gak ya,negatif
kok sedih ya serasa ingin nagis seperti mau berpisah tapi ya memag mau berpisah dari tanah jawa,negatif
jadi makin terasa dekat perpisahan itu ?sehat selalu pak jokowi ?,negatif
meter sesuai tahun kemerdekan tahun,negatif
upacara terakhir bersama pak jokowi,negatif
uparaca agsutus pertama di ikn dan upacara terakhir pak jokowi,negatif
jadi bendera singapore ndak,negatif
proyek ambisius,negatif
klo di angan angan saja ga bakalan terwujud,negatif
itu beneran meter di jakarta aja meter ?,negatif
kasian bgt paskibra ka skrg ,negatif
sebelum dibangun pasti sudah melalui musyawarah dgn berbagai pihak kak ?,negatif
duit dr mana,negatif
investor,negatif
kenapa project besar yg lain pakai tenaga import jika project ikn saja di kerjakan anak bangsa,negatif
bakal jd cerita bagi para pekerja tiang bendera kpd anaknya ,negatif
bang info loker di ikn ,negatif
ikn kira brapa tahun lagi resmi,negatif
saya pernah kerja di situ,negatif
bangga bgt aku jadi orng indonesia tapi sayangnya aku cari uang di negeri orang,negatif
akan jd tahun sejarah,negatif
ketika mereka sudah lanjut usia maka akan menceritakan kepada anak & cucunya,negatif
kira konsep agustus an bsk gimana ya apa ada hal baru lagi cz terakhir pak jokowi ikut upacara ags,negatif
buku sejarah akan mencatat untuk anak cucu di kemudian hari,negatif
kalau pilih anis pasti tidk lihat pengibaran bendera di ikn ,negatif
bolehkah masyarakat umum mengikuti upacara d ikn nanti pengen eh aq d kaltim,negatif
ntar malam tujubelasan wayangan ya min,negatif
kudunya kalo mo lbh keren sih pake hidrolik asal jgn ampe macet aja sih tetep dipasang ama paskibraka dibawah,negatif
semoga tdk hujan,negatif
ketiganya meter arti dari ketigan tiang bendera sesuai dengan tahun ke merdeka indonesia tahun ?,negatif
ini kalau jaman sukarno hatta sda masuk buku yg nyelas tiang bendera ini jdi mata pelajaran stiap sekolah,negatif
bagus x jga d ujungx tiang bendera x tarikan emas,negatif
pasti di ceritain ke anak cucu nya dlu p masang tiang bendera itu,negatif
pekerja yg memasang tiang bendera perlu di data utk sejarah,negatif
mau hadir agustus upacara di ikn,negatif
pingin liat bp jokowi mimpin upacara untuk terahir sebelum masa tugas berakhir,negatif
udah engga sabar pengin liat upacara bendera agustus d ikn,negatif
ingin sekali kerja disana pak rekrut sya jadi tenaga kesehatan di ikan,negatif
ikn adem kah atau malah panas sama aja ?,negatif
mau nagis njir dger musik ini np ya,negatif
info loker di ikn ,negatif
jos,negatif
liat ikn lgsung ingat tapera,negatif
indonesia raya stanza ,negatif
sementara tiang dan bendera disekolah 271t mengenaskan,negatif
sebagai warga kalimantan utara harus hadir menyaksikan upacara bendera perdana di ikn titik,negatif
spill harga tiangnya,negatif
ketua mundur content pun fyp,negatif
semoga rakyat bisa tetap berdiri tegap tanpa mengandalkan pemerintahan krn mereka sibuk buat pejabat nya,negatif
ikut upc boleh,negatif
yg sdh siap buat upacaranya doang yg lainnya blm,negatif
kalian yg kerja di ikn adalah saksi sejarah pindahnya ibukota negara,negatif
min boleh kah masyarakat masuk nonton upacara nanti,negatif
kalau orang biasa yg mau melihat upacara agustus di ikn apakah di perbolehkan akses ke ikn apa sudah ada naik angkatan umum,negatif
berarti b ner ya pak jokowi bilang kalo upacara agustus itu di ikn,negatif
kita fokus ke capres yang sudah sah dipilih ,negatif
semoga indonesia makin berkembang maju semua sektor tidak ada lagi yg korupsi,negatif
gimana sih caranya ikut jadi tamu upacara agustus,negatif
yang pimpin upacara agustus nanti di jakarta siapa ya kalau pak jokowi di iknserius tanya,negatif
yg buat ikn & pekerjanya mlakukan sejarah indonesia,negatif
mantap ikn,negatif
wow info donk ngimn carany bisa ikut upacara sn nanti itu ,negatif
merah putih sudah tertanam dalam hati istana yg megah di sekeliling nya masih sangatlah banyak rakyat yg miskin,negatif
paskibraka nasional pengukir sejarah,negatif
dipercepat,negatif
indonesia ku,negatif
saya curiga dana tapera utk ikn,negatif
mau ikut upacara agustusan di ikn ? ?,negatif
mungkin maksudnya pengibaranbenderakebangsan ya min indonesia jaya,negatif
istana negara karya anak bangsa bukan peninggalan kolonial belanda,negatif
ingin liat selanjutnya jadi apasila ke mantap ,negatif
klo ibukota pindah di kalimantan apa masih ada ormas? meresahkan di kalimantan kan adatnya masih kental suku dayak jg kompak bngt,negatif
jadi pengen pak jokowi terus jadi presiden ,negatif
berapa duit itu gas skr langka sy makan aja susah beras mahal dan yg lainya mau sekokah anak lagi mohon di bantu kami katanya indonesia kaya raya,negatif
lanjutak pak menaikan semua anggaran dan pn untuk membangun apapun yg tertinggal,negatif
klo mau daftar ikut upacara an di ikn lewat mana min,negatif
inspektur upacara nya siapa,negatif
sekarang gw bukan org kampung lagi,negatif
kado dari presiden jokowi untuk nkri,negatif
safety nya meresahkan kan ,negatif
ikn siapa kah yag gunting pita nanti ,negatif
brarti ini ke x pindah ibu kota,negatif
apakah di ibukota negara ikn lampu kabel di bawah tanah,negatif
anak temen gw dapat tugas ke proyek di ikn,negatif
horeeee nginep di hotel ,negatif
anginnya kencang pasti,negatif
betul kah meter,negatif
haha,negatif
min berapa tiket p ke ikn mau nonton upacara bendera disana,negatif
yakin mtr,negatif
meter berapa kali tarikan untuk narik bendera nya sampai ke atas yak,negatif
kota saranjana,negatif
ibukota ya udh gk di jakarta lgi,negatif
ibu kota kini jauh d kaltim kami yg d plosok daerh jabar jarang ke jakarta kini pindah sudah ibu kotaku makin jauh [weep],negatif
sebagai seorang terapis pijat dan bekam saya kepengen buka praktek di ikn,negatif
sejarah juga bagi yg mengerjakannya,negatif
jd pengen upacara di ikn,negatif
jadi pengen upacara dirumah mengikuti ditelevi upacara di ikn ,negatif
pingin gratis sekolah sing pinter,negatif
kuli bangunan yg kena kasus vina minta dukungan para kuli seindonesia,negatif
semua naik ,negatif
kalau tali nya bendera putus siapa yang manjat,negatif
mau bangat jln ke ikn ?,negatif
ok itu apa,negatif
coba tolong jgn yerlau tebel atas nya bendera susah berkibar nanti,negatif
sedih upacara terakhir pak jokowi menjabat sebagai presiden ?,negatif
temenku kerja disana,negatif
gak boleh gitu ikut upacara di ikn kalo boleh biar otw dari kalteng,negatif
semoga korupsi segera di berangus dari bumi indonesia,negatif
gas kan nanti otw balikpapan ikn tuk ikut upacara,negatif
cuma pembangunan cukup segitu aja dulu buat ikn jngn dbuat gedung pencakar langit oleh perusahan besar biar hutan kalimantan terjaga,negatif
dari zaman pak sukarno rencana pemindahan ibu kota hanya pak jokowi yang mewujudkannya,negatif
upacara terakhir pak joko widodo sebagai inspektur upacara ? ? ?,negatif
jangan sampe soal ips tahun nanti siapa yang ngelas tiang bendera ikn,negatif
macet mba krna psti tamu luar biasa dtg,negatif
meter,negatif
para pasukan paskibraka nya nanti bakal latihangladi di sana kah,negatif
penggerek nya harus ekstra tu dari biasanya,negatif
biar enggak dijawa mulu yang moderen,negatif
ttttttapiiii bukanya ikn hanya buat pejabat aja ya ?,negatif
gegara ikn pajak naik gaji di potong,negatif
itu perkabelan masih ngegantung gtu ga di tanam,negatif
singapura prediksi the simpson,negatif
kalimantan akan dimiliki para investor ,negatif
suatu hari di th,negatif
dari mana mas,negatif
 dari jakarta mas ,negatif
oh dari kampung,negatif
rakyat siapa bg org kaltim bakal netap disitu ga atau bakal jdi kesenjangan baru,negatif
ibarat gini lu org kalimantan beli online ratabarangnya di jakarta ongkir nya mahal klo semisal ikn jg jadi pusat nya barang ongkir lebih murah,negatif
rakyat indonesia mana konglomerat yang tinggal disana,negatif
271t bisa buat ikn ? ?,negatif
pusat ekonomi tetap jakarta,negatif
hutan yg di tebang itu adalah hutan pohon akasia (pohon bahan pembuatan kertas) jadi gak salah lah di gundulincontohnya kek tahun ini aja lagi proses panenya di gundulin,negatif
kalimantan itu paru paru dunia lupa yah sama istilah itu innalilahi ,negatif
tp kan yg dipake hutan produksi tiap brp blnthn pasti ditebang juga pohonnya,negatif
proyek yang tergesa gesa,negatif
seakan pokoknya harus siap walaupun apapun yang terjadi,negatif
takut banyak warga asing,negatif
investasi apan pake apbn gt,negatif
 apbn  investor,negatif
tahun lalu mungkin orang orang juga bilang seperti itu terhadap jawa,negatif
pentingnya pemimpin yg punya mental pebisnis karna kalo ga berani ngambil resiko kita ga akan bisa maju,negatif
( )sisi negatif nya pohon banyak ketebang,negatif
pohonya kecil bang krn bukan hutan rimba tp hutan produksi yg pohonnya panen tanam lg,negatif
padahal ikn buat pejabatyang udh punya rumah berhektar hektarlebih baik dananya buat rakyat yg di jalan sana,negatif
masalahnya tuhh itu hutan di babat banyak gak siii,negatif
tapi hutan produksi yg emang setiap tahun nya harus di babat,negatif
jujurr ini hanya untuk orang kaya,negatif
ga juga si justru bkln bnyk lowongan pekerjan klo kota baru kya gini,negatif
271t bangun kota mah ga buang uang bang ada hasilnya ,negatif
besarin nama allah sulit,negatif
kabel yg di tiang itu cuma bersifat sementara,negatif
karena proyek instalasi kabel bawah tanah nya belum selesai,negatif
untung nya apa emang masyarakat biasa bisa tinggal disana,negatif
jdi klo tnya gk di pake buat ke disney land gimana,negatif
lah anis di kasih anggaran 271t ,negatif
tapera duitnya buat ikn dulu kayanya,negatif
masih mending ikn daripada bangun kota megah,negatif
anggaran hampir 271t tapi itu anggaran selama tahun hinggal secara garis besar masih sanggup artinya setahun kita hanya mengeluarkan uang 271t,negatif
ikn nanti ada mrt ga ya,negatif
ksh triliyun bangun mobil motor nasional brp juta lapangan kerja ,negatif
kalau ikn program yg bagus cuma yg bngung kenapa pak jokowi mau acc program tapera itu aja,negatif
btw duitnya ada dari investor gk semuaduit kalian lagian gw bayar pajak cuman motor doang,negatif
jujur aku ngincer pns karena pingin pindah ke ikn di tempatku skrg banyak kenangan yg menyedihkan aku butuh suasana baru dimana orang gak ada yg kenal aku ?,negatif
ke jakarta yang deket aja belom pernah malah pindah ke kalimantan tambah jauh ?,negatif
betul pembangunan gak akan mendukung jika penduduknya juga kurang,negatif
lu belum tau mio mirza ?,negatif
krn smua sdh berpusat kesana nanti hutan kalimantan berubah jd gedung ? ? ?,negatif
dia blom tau dengan mio mirza ?,negatif
belum tau mio mirza lu ,negatif
dang podo pindah lek pulau jawa kakean penduduk,negatif
papua kapan ya ,negatif
gua yang di pulau sumatra aja ga kena pastinya,negatif
kan gutang sama cinah ko ga koreksi,negatif
aku aja org kal sel merasa ini diluar nurul dan kurasa gak mgkn ternyata duganku ambyar pokoknya hadehhh rasa mustahil tapi ini reel kerjan pak jokowi bukan kaleng ,negatif
 blm paham jg,negatif
wkwk berak,negatif
coba sekarang bang apa kabarnya ,negatif
mudah an sesuai dgn expectasi kita liat aja nanti,negatif
hutan mulai habis indonesia bukan julukan paru dunia lagi,negatif
pemeratan ga salah tuh,negatif
yah blm tau mio mirza,negatif
lagian 271t dari investasipohon yang ditebang pohon produksi,negatif
bang mau nanya dahnanti monas di jakarta di bawa ke ikn ga ?,negatif
jangan sampe jatuh ke tangan anis,negatif
pinjem yang 271t dulu bang,negatif
nnti indonesia bkln di bngun kya gt apa cuma di situ doang,negatif
gw yg orang jawa setuju bgt sih jangan cuman jawa doang yg slalu dibangun infrastruktur,negatif
dan proyek yang sudah banyak menelan anggaran ini harus mangkrak sayang bngt klo gk dilanjutin,negatif
aduh kita mulai dari ya,negatif
betul bg gw setuju bgt dgn adanya ikn demi pemeratan supaya tidak jawa sentris lagi,negatif
smoga ga ada distopia di sekitar ikn,negatif
ktimbng blt salah sasaran mnding di bikin ikn,negatif
akan saya ceritakan krn ikn sehingga pemerintah adakan tapera ,negatif
dari balikpapan ke ikn perjalanan sekitar jam pas kesana debu nya ga nahan,negatif
ikn akan menjadi proyek mangkrak,negatif
kota para tikus ,negatif
mending bg 271t buat bangun negara dari pda 271t buat kepentingan pribadi,negatif
gk kebayang triliunan pada akhirnya mangkrak,negatif
271t kemaren pke bangun ikn,negatif
yaelahh ikn cuman buat kaum elite kalo modelan saya ke ikn mau jadi apah,negatif
namanya juga kota baru di mna mana awalnya sulit,negatif
ikn udh ada investor asing,negatif
seberapa daruratkah negara harus membangun ibu kota negara baru yang bersumber dari apbn sementara sektor pendidikan dan kesehatan kita tahu masih gini gini aja jadi ikn untuk siapa,negatif
ikn butuh wktu tahun bru maju,negatif
ngomong apa si lu bang,negatif
iya skrng udah g ada duit jd di bikin lah tapera uang nya buat ikn,negatif
buzzer njir,negatif
maceeeeeetnya ikn ga solutif,negatif
dan lu salah satu orang yang menginvestasi disitu kan bg ,negatif
benar bang kalau ibu kota di tengah kita setidak nya kita di bagian timur bebas ongkir blja online ,negatif
mangkrak broo g ada yg investasi di ikn,negatif
udah ada pemukiman belum ka,negatif
bangga apanya belum ada investor lho ,negatif
hei kalian harus ingat ikn itu termasuk dari tapera jaga tangan kalian,negatif
pak,negatif
ketawa aja lah ,negatif
oh icon pemeratan doang kebanyakan simbol bukan substansi,negatif
alumni kami nyari org untuk kerja di ikn,negatif
sayangnya blm ada sk aja kalo ga berangkat juga ,negatif
bang bahas berapa tumbal proyek di ikn ,negatif
padahal ini ga sebanding dengan dgn mega proyek jalur sutra cina yg memakan biaya ribu triliun,negatif
potog gajih,negatif
hrga beras brp ya skrg,negatif
kamu udah pindah kesana belum,negatif
kata pak bahlil itu semua dari apbnbukan dari investor,negatif
yg bilang ikn mangkrak ya anak abah,negatif
gak percaua,negatif
preeettt,negatif
kira penduduknya siapa,negatif
yg ga suka ikn itu anak abah,negatif
emng ada yg mw investasi bangun kntor,negatif
kenapa ibu kota engga tetep di taro di pulau jawa sedangkan jantung nya indonesia ada di pulau jawa kalo kita di serang kita gabisa jaga jaga karna ibu kota kita bukan di jantung nya lagi,negatif
merintis memang perlu perjuangan,negatif
harapan oh dewek,negatif
makin enak penjabat tidur,negatif
bang mau nanya buat investasi kosan dekat dgn kampus yg ada di ikn berapa ya,negatif
setahun ga lewat ikn pas lewat sana lagi udah full macett?,negatif
kaltim samarindacapenngeliat ikn mana sih prioritas kereta lintas kalimantanjalan penguhubung antara kalimantan masalah tambang ilegal mana prioritas sih heran,negatif
konglomerat mana berapa dananya,negatif
coy harga di kalimantan mahal mahal apalagi ongkir barang,negatif
cair ini mah,negatif
malahan bangunan yang dikejar kejar bisa ga bakal sempurna pengalaman sih,negatif
pembangunan untuk rakyat ga ada,negatif
di peta the simsons kalimantan masuk singapura pulau jawa jadi australia,negatif
masa iya ,negatif
ralat woii projeck jokowi ini itu sudah dari bung karno hanya di jokowi terealisasinya,negatif
sekarang jadi banyak bangunan,negatif
bos agustus bulan peresmian tapi hut ri upacara disana,negatif
banyak jawa yg gaterima,negatif
bukan buang buang uang ga tuh,negatif
aku pengen bamget ke ikn kalo mentri indoneaia ngk mau saya siap mengisi ikn ,negatif
kenapa pak maruf amin tidak di sebutkan pak kan dia wakil presiden berarti proyek beliau juga ,negatif
apanya yg siap bulan agustus tinggal menghitung hari ,negatif
kalimantan landscape tanah nya mirip daratan tiongkok jadi tau lah siapa yang tinggal dan jadi bos di sana ?,negatif
pokon,negatif
hutan papua di gundul kocak,negatif
amdal nya,negatif
ikn bakal jdi new icon di indo kah,negatif
karepmu,negatif
emang ikn buat rakyat kecil,negatif
otoritas yg baru siapa ya numpang tanya,negatif
mirip konoha yg lagi di bangun setelah di hancurkan oleh pain,negatif
jakarta jawa junior,negatif
yang 271t aslinya 271t skarang ketauan itu aja ambil pak biar cepet jadi,negatif
penasaran apa biaya nya di koru gk ya,negatif
akhirnya seperti meikarta atau hambalang,negatif
yang bener ?,negatif
suatu sat hutan nya bakal hilang trus ganti sama gedung? tinggi,negatif
pasti pemilih anis,negatif
ya yang diuntung kn pada pejabat,negatif
yakin 271t,negatif
manfat untuk rakyat kecil,negatif
di kalimantan tidak ada satupun kereta api trsportasi antar kalimantan karena saya orang kalimantan,negatif
heleh,negatif
mimpi bangun,negatif
belum ada duitpengen buat proyek besar ,negatif
iylah pajak aja naik  wkwk,negatif
ada tempat party nya ,negatif
skrng gimana,negatif
dipaksa itu swasta bukannya mau ,negatif
jangan sampai ada gedung tinggi di ikn,negatif
semua butuh perores bukan mie istan,negatif
bakal ada rumah sakit besar di iknhotel bintang dll ,negatif
apakah beberapa presiden selanjutnya akan melanjutkan proyek ikn,negatif
ikn aja direncanakan pas presiden masih soekarno anjir,negatif
di endors ya ,negatif
seharga twiter,negatif
hm apakabar triliun ,negatif
pemeratan bagi orang jawa bukan indonesia ,negatif
abang juga invest kan,negatif
halah pembangunan pulau jawa sudah abis brp 271t,negatif
di prediksi tahun kota jakarta bakalan tenggelam,negatif
tinggal tambah setengah njir,negatif
kenapa ya gk di riau ibu kota nya,negatif
dari pada ibu kota di jakarta banjir,negatif
yang invest cuma org asing,negatif
target selesai,negatif
makan gratis anggaran hampir 271t pertahun,negatif
yang sampek 271t gimana,negatif
minimal jalan di sumatra bagusinlah,negatif
blm juga kesampean ke ibu kota yg skrng dah mau pindah aja,negatif
masih dikit banyakan 271t sama 271t,negatif
ngab owi late game terlalu op,negatif
yang menikmati nya kan anak muda juga nanti nya,negatif
aku tau itu kaka ,negatif
lah dari pada yang 271t sia,negatif
krn ikn dah ada di uu sih sejak soekarno tp bru jokowi yg berani realisasi,negatif
o jadi presiden proyek ikn terbengkalai ?,negatif
bapaku,negatif
ya allah minimal bisa kesna ? masa iya saya lahir disana gak punya ingatan satupun tentang wilayahnya ? ??,negatif
biar merata peningkatan ekonomi indonesia engga di jawa aja,negatif
271t udah bisa bikin ibukota gimana yang udah bisa bikin apa ya bang,negatif
suatu hari nanti,negatif
ikn akan banyak penghuni investor aja ,negatif
makanya liat statement bu sri mulyani di mk ,negatif
klo g salah ikn dibatasi ya penduduk nya cma jt jiwa ,negatif
biar ga jawa doang,negatif
berarti kedubes semua bakalan pindah ya,negatif
eh mana da yang bilang mau batalin lagi abah abah,negatif
lebih susah lagi kalo membangun diperkotan mahal pembebasan lahanya,negatif
ikn buat pmerintahan aja warga nya gk di ajak ya mon map,negatif
jika ditambah dengan 271t jadinya kapan,negatif
udah ya ini biar orang luar jawa tidak bilang jawa di anak emaskan,negatif
tapi yang 271t udah di bawa sandra dewi,negatif
alah kalo dah jadi juga lu pingin kesana potokan,negatif
ini baru presiden jangan jawa sumatra jakarta trus di renov,negatif
ama proyek timah udah ketutup kok biyaya bngun ikn,negatif
lo ngerti infestor gak sih,negatif
uang sandra dewi kan bisa dipake,negatif
ga ada hewan buas kah,negatif
listrik sulit air bersih sulit kan nah ikan terbangun bukannya jadi lebih maju masalah kelistrikan dan air bersih,negatif
gw teep stngh,negatif
nanti ada bandara gak disana,negatif
mending 271t buat indonesia daripada 271t buat perut sendiri ,negatif
aq aja rasanya pengen pindah ke ikn,negatif
ya biar indonesia ga cuma dijawa aja?,negatif
yang penting bukan omon omon ,negatif
daripada di janjikan kota setara jakarta,negatif
bnyk oligar cina ga bg disana,negatif
271t lebih dari setengahnya 271t njir ?,negatif
gara ikn rakyat jadi tambah melarat,negatif
otw beli tanah di ikn,negatif
influencer istana,negatif
ikn di tawarkan ke singapura,negatif
tapera,negatif
yang tinggal disana china semua ,negatif
ikn itu nanti milik siapa,negatif
bahlil bahlil,negatif
gimana bg ikn skg,negatif
oligarki,negatif
pemeratana,negatif
konglomerat singapura,negatif
dibayar piro koen iku,negatif
projects mustahal,negatif
jilat jilat,negatif
271t jadi ikn,negatif
dana ngak ada,negatif
legasi,negatif
cair cair cair,negatif
daripada di korup,negatif
peneratan bagaimana,negatif
makin panas ni bumi lama ama,negatif
daripada 271t,negatif
koko koko,negatif
ini pasti ank abahh,negatif
271t bisa buat beli setengah dri ikn,negatif
buang buang uang kalau kata anak abah,negatif
project atau proyek,negatif
terserahmulahkalo mau lu ikut tinggal di sana,negatif
mas daftar jadi buzer gimana yah,negatif
buzzer ikn klau swasta yg bangun otomatis itu punya mereka bukan punya negara,negatif
mangkrak,negatif
ettt dibayar mas,negatif
masih sedikit jika dananya 271t,negatif
tapera untuk candi ikan ?,negatif
sorry ya yang yang gak setuju proyek ikn itu biasanya rata? orang yang dipulau jawa sementara yang setuju proyek ini rata? orang diluar pulau jawa,negatif
agustus mau resmiin apa wkw emang yg bangun bondowoso,negatif
investor nya tapera ya tong,negatif
di komen sini kok beda ya nanggepinnya,negatif
ini yg bikin smua di pajakin ,negatif
itu pnya investors,negatif
kira orang jakarta pada mau pindah ke sana ga pak erick tohir aja pernah ngomong siapa yg pindah di sana,negatif
mas nya orang aceh tolong di kembali kan,negatif
liat no papua,negatif
asetnya untuk negara,negatif
banyak menyumbang banyak,negatif
namun papua kayak indonesia tahun an,negatif
hanya orang terpilih yang bisa tinggal disana jadi kesimpulannya hanya untuk memilah rakyat miskin dan kaya ,negatif
tau apa ni orang tentang ikn,negatif
jauh dari harapan,negatif
blegedes,negatif
semua itu untuk siapa untuk rakyat kah atau pejabat,negatif
di lnjut pembangunan ikn,negatif
pemeratan,negatif
knp gak cetak uang aja buat bangun,negatif
klok 271t gak buat urusan pribadi buat di sombongin pasti ikn udah banyak kemajuan dan tidak membutuhkan investasi luar negri,negatif
wkwkwk pegang itu kata semuanya selesai sebelum agustus nanti,negatif
ingat kataroki gerung,negatif
heran ama yang bilang khusus pejabat,negatif
sabi kali yah presiden indo non jawa,negatif
takut film the simpson jadi kenyatan,negatif
tapi warga sekitar di suruh pindah,negatif
lah makan gratis juga 271t pertahun lagi,negatif
nasib masyarakat adat,negatif
apalah ,negatif
kalau gagal fix turunan pasti diinget,negatif
lu di endors berapa bang ,negatif
pembangunan abis 271t di huni buat jt orang doang ,negatif
ngakak cik,negatif
pemeratan tapi ditumpuk disatu titik,negatif
cuma nambah 271t udh siap dananya,negatif
emang peneriman pajak dan bumn negra berapa sih setahun,negatif
pajak juga dikebutape aja ditarik,negatif
yg jdi pertanyan itu kayusiapa yg menjualnya dan siapa yg tnggung jawabnya,negatif
ytta 271t lebih itu ngga dari pemerintah semua tapi sebagian besar investor ada kok kalkulasinya kalo ngga dari sekarang kapan majunya kita harus out of the box,negatif
itu bukan harus semua selesai broitu proyek jangka panjangsampai ini hnya kantor presiden dan pendukungnya saja,negatif
darimana pemeratannya jelaskan,negatif
pemeratan untuk siapa mas untuk negara luar,negatif
teing ah,negatif
bang inget bang tpasti bisa dibangun setengahnya dari ikn,negatif
klo 271t digunakan untuk subsidi tdk mndpatkan hasil mnding membangun pemeratan untuk masadepan bukan untuk hari ini dan besok doang klo dibagi ke rakyat 271t gk dpet apadan pasti bakal kurang,negatif
jadi nanti bakal jadi din (daerah ibukota nusantara) ,negatif
ini contoh high risk high demand ya bang,negatif
kan gak smuanya anggaran negara bos ada investor juga kan,negatif
terus 271t itu ga buang2 uang,negatif
ikn cuman buat pejabat,negatif
utang,negatif
oh ya,negatif
preeett,negatif
terserah,negatif
spill jadi buzzer jokowi dong,negatif
calon hambalang nih liat,negatif
disini yg punya vid ini juga punya tanah di ikn jir,negatif
oh masnya property investor ,negatif
ini pembahasan tahun,negatif
mang eak,negatif
eeeejadi resapan airnya ilang dongmangkanya sering banjir,negatif
kolongmerat apa kolormerah,negatif
hahahaha perkonten berapa siihhh,negatif
mangkrak pasti,negatif
bro ikn itu adalah project soekarno tapi baru terleasisasi sekarang ,negatif
cuma gk sampai,negatif
pakai hasil timah aj sudah lebih bnyak yang sampai 271t dikorupsi ini blom lainnya tambang indonesia gk pakai infestasi negara luar nusantara sediakan sendiri aja,negatif
untuk covid kemarin kalau ngga salah rp triliun,negatif
daripada 271t gatau kemana,negatif
udh gmapng ad anggaran tambahan treliun,negatif
donggala korban ikn gunung nya udah tak indah lagi,negatif
kenyot,negatif
bangun istana negara sama jln utama dulu yg lain bisa nyusul jgn di lepas k investor asing pak terus kita nanti gk bisa kontrol mereka yg bagun d ikn pak kan kita dpt pelajaran dr jakarta,negatif
cebok trus,negatif
dr pd gubernur dki jakarta 271t x thn 271t cuma cat jln,negatif
pasti mangkrak,negatif
apakah yang film saranjana tuh bener ada yahh ini buktinya di prov kalimantan,negatif
dihhh,negatif
yahhh kalo anggaran nya 271t kan tmbh gak masuk akal pas orang atau pejabat ngeluh knpa jelek bngt kan kon,negatif
kontennya ko mirip sama influencer lain ya gw pikir review sendiri,negatif
tapi ada tujuanya daripada 271t cuma buat foya,negatif
panas,negatif
sumber daya alam itu banyak yg dari kalimantan kalo gak salah,negatif
pemb kebut begini hrs di perhatikan kontraktornyakrn sdh biasa bangunan yg cpt maka akan cpt jg hancurnya jgm bilang tidak ya ,negatif
siapa dulu dong yg mengelola ,negatif
isi in diamon ff bang tinggal satu token lagi ? id,negatif
info dong mau investasi ke siapa yah gw ada 271t,negatif
271t setengahnya cok,negatif
yg tinggal di sana cina nanti habsa cina terpampang di siana kayak singapura ,negatif
berarti ikn milik orang banyak dongbukan milik negara ,negatif
hm,negatif
hahahhahahahaha,negatif
buzzer tk nn,negatif
cot,negatif
kata guru gw ikn itu bakal jadi tempat nya para komunis emg bener,negatif
masak minimorang indonesia aja ada yang punya 271t cuma cumatapi dah di penjara,negatif
kan ada 271t tinggal bayar setengah agi bisa,negatif
daripada 271t,negatif
gua bakal ceritain ayah nya sesak napas dan jarang mandi di ikn,negatif
setengah uang yg di kurup,negatif
rip paru dunia,negatif
daripada 271t dicuri sama chindo ,negatif
bang di situ pakek tumbal proyek gk sih,negatif
konglomerat cina,negatif
sama kayak bagi bagi bansos ya y,negatif
bertahap tapi pasti,negatif
pinjem suaminya sandra dewei kurang dikit,negatif
kalo dananya kurang masih ada 271t silahkan di ambil ,negatif
271t udah setengahnya,negatif
mending bangun ikn 271t keliatan hasilnya drpd ditilep 271t cm keliata berita sekolah nya,negatif
mirip banget si kayak konoha,negatif
mending mana gak punya tapi punya sendiri ama punya tapi punya orang lain ,negatif
gua denger dari yang kerja di ikn banyak yang koruf katany,negatif
pasti pendukung anis,negatif
pengen ngibar agst dsn,negatif
dan bansos sebelum pemilu sama dengan membuat ikn ,negatif
271t kira kira bisa buat ikn gak ya,negatif
dari pada korup si,negatif
hrusnya sblum d bgun gedung d buat dlu gorong raksasa saluran air biar g kek jakarta banjir,negatif
pemeratan itu kotasatelit itu ditambah pembangunannyakalo cuma bangun ikn mah bukan pemeratan tapi bangun istana kocak,negatif
wis mas aku ws di tahap terserah,negatif
ikn itu dimana,negatif
271t x aja sisa,negatif
gw yang kerja bangun irigasi di training center dan sekitarnya,negatif
setelah jadi malah,negatif
sepi,negatif
keciri pendukung anis,negatif
jakarta mau tenggelam bro,negatif
susahkan aksesnya itu biar semua org tau indonesia itu bukan cuman di jawa,negatif
biar orang sebelah g bilang jawa sentris mulu,negatif
ketawa aj yg bikin konten aj cina,negatif
hatitanah yg ngk ade sertifikat,negatif
pemeratan ekonomijadi ga terpusat di daerah aja ?,negatif
capeeek deh,negatif
info lapak jualan sayuran bg ,negatif
yg berduit boleh tinggal,negatif
itu hutan apa tu namanya hayooo,negatif
pokoknya gua dah pesen lahan buat gua jadi tukang parkir,negatif
takut ikn seperti singapura ,negatif
biar kalimantan ada kota yg lebih gedenyakasihan orang kalimantan kalo beli online ongkir mahalbahkan lebih mahal dari yg di beliyg di jawa mah enk,negatif
pohon nya pada kemana itu,negatif
proyek waduk gondang ngasi pak jokowi entek jabatan durung rampung ?,negatif
jaga baik ibu kota baru ini jangan sampai tercemar seperti jakarta ,negatif
ga tau uang yg untuk kovid brp yh,negatif
271t itu jajan gw perbulan bejirrr,negatif
kalau bisa jalanya di buat full lebar biar pada satnya nanti gak mancet ,negatif
hm yg jadi concern aku itu jaringan listrik blm subsurface ya,negatif
soalnya pulau jawa udah penuh  rakyat indonesua tinggal disitu jdi ya pindah ke kalimantan,negatif
rafi akhmad investasi ke ikn gak ya,negatif
project ambisius,negatif
kita mau indonesia sentris bukan jawasentris terus,negatif
ikn jadi pasti akan viral di luar negeri,negatif
yaudah jalan terus aja indonesia gak mau bangun infrastruktur,negatif
iangan sampe banyak perumahan disana soal mya nanti hutanabis,negatif
biar pusat ekonomi gak di jawa terus,negatif
rip paru paru dunia,negatif
dan ada capres yg blg perubahan nolak ikn ,negatif
gimana ga dikebut orang upacara nya nanti harusnya udah di ikn,negatif
aku kerja di sini ka kuli tapi,negatif
bukan hutan mas itu kebun,negatif
seperti kebun sawit di ptpn,negatif
bukan hutan liar hutan produksi,negatif
anggaran makan siang lebih gila bro,negatif
sebentar lagi mai jadi singapur pulau kalimantan,negatif
ya belum makan geratis belum berkelanjutan abng,negatif
kocak ya,negatif
supaya lebih maju dan gak kumuh nrgara nya,negatif
di cuplikan terakhir bisa di lihat polusi yg di timbulkan,negatif
bagi bansos tai,negatif
ratanya dmn kaka,negatif
ingat jangan jual tanah walaupun itu di hutan,negatif
kek nya ni ikn beneran jadi dahkarna pembangunan nya cepet bet njr,positif
ikn di gagas oleh bung karno di kerjakan di era presiden jokowi di persiapkan dan di pake oleh presiden prabowo,positif
engga ada namanya suatu pembangunan ga berguna selama niat nya baik buat masa depan negara itu sendiri,positif
aku yg dikalsel aja bangga deket ibukota wlp beda provinsi dan jarak yg jauh hehe,positif
terlihat damai dan aman dari pendemo,positif
bener dikebut tmn ku ada yg kerja disana jam nonstop sistem shifttapi gajih nya ga maindari sepaku aja keliatan indah banget apalagi masuk,positif
bagus bgttt mau kerja di iknnnnnn,positif
vibe nya kek maju bgt,positif
pak jokowi pak jokowi suatu kota yg indah akan tercipta karenamu kemegahan akan kota itu pasti akan sangat luar biasa yg saya yakin akan lebih dari kota jakarta yg sat ini merupakan pusat indonesia,positif
suamikuu juga nanti dinas kesana bagian proyek gensetnya pake jasa dari ptcondutorjasa,positif
boleh pindah kesana ngga ni bagus bgtt,positif
ngebayangin suasana pagi sama sore hari nya kek nyaman bnget apalagi ngeliat ada area kaya buat jalan kaki atau semacam taman gitu,positif
kn indah banget,positif
adem bgt pastikali dh jadi,positif
pasti rampung ikn dan indah ibu kota nusantara,positif
semoga cewe gw terpilih jadi salah satu anggota paskibnya,positif
lagi semangat belajar it buat kerja di ikn,positif
bayangin balikpapan ke ikn gk smpe menit apa lgi akses nya super enak bgt jalannya besar dan kualitas aspalnya kaya dieropa anjir,positif
indah yah ikn tapi tak seindah realita menjadi mahasiswa yang uang semesternya tinggi kadang berpikir untuk berhenti tapi orang tua selalu meyakinkan untuk terus maju,positif
green city,positif
kalo malem bagus si,positif
pak jokowi emang the best,positif
selalu indah,positif
masya allah keren,positif
keren banget ikn ini,positif
enak bngt yg ddk di sana mewa bet,positif
kota baru harus lebih indah,positif
waskita the best,positif
enda sabar mau liat upacara agustusan di iknsalam dari warga samarinda,positif
lulus ipdn penempatan ikn amiin ?,positif
ikn terbaik masyarakat indonesia bisa menikmati lewat tiktok sebelum jadi dan setelah jadi akan di nikmati masyarakat luas mantap,positif
prabowo semoga papua juga bisa di buat jdi kota yg indah juga,positif
keren oi,positif
bakal jadi sejarah menyambut agustus dan diresmikan ikn sebagai ibu kota negara indonesia,positif
dimasa depann nanti banyak orang luar negeri berkunjung ke indonesia cuma melihat keindahan ibu kota ikn indonesia,positif
suatu kebanggan juga untuk pasukan pengibar bendera bisa bertugas di ikn pertama kalinya,positif
masya allah inilah indonesia yg sesungguhnya,positif
manyala presidenku pak joko tuhan yesus berkati slalu,positif
aku bangga dipimpin presiden jokowi dodo,positif
belum jadi aja udah kereeen apalagi klo udah jadi sempurna,positif
pasti bakan jadi kebanggan tersendiri buat indonesia,positif
tahun kemarin kesini msh blm semegah ini salut cpt bgt pembangunan nya,positif
ikn kami akan slalu menunggu update terbaru setiap bulan nya,positif
leluhur kita pasti sangat bahagia dan bangga melihat maha karya ini,positif
dari keindahan ikn para pekerja lembur sampe pagii sehat sehat selalu para pekerja keras semoga rejekinya barokah melimpah,positif
lets go brow ikn,positif
masyallah semakin sejahtera pejabat pejabatku,positif
semoga ikn berjalanlancar,positif
ga kebayang kalo selesai pembangunan nunggu tahun lagi pohon yg ditanam tumbuh besar makin keren banget kaya kota di dalam hutan pasti sejuk banget jadi pemerintah pemikiran juga sejuk dan jadi negara maju,positif
jayalah negeriku,positif
jayalah nusantara ku,positif
salam kenal ulun dayak kalimantan ,positif
terapkan lah kebersihan yg kuat dan bikin uud baru tentang ke bersihan,positif
kn keren banget,positif
enak joging disituudara nya masih segar,positif
indonesia maju,positif
bismillah ikn segera terwujud demi kemajuan rakyat bangsa indonesia,positif
keindahan kalimantan emang masih asri banget jadi cocok banget jadi ikn,positif
dibikin stadium bola oke nih di ikn,positif
semoga para pekerjanya sehat semua bahagia dan makmur kehidupan keluarganya,positif
mantap,positif
akan jadi sejarah di sepanjang masa,positif
ikn desa penari ,positif
pengen buka kantin di ikn,positif
ini beneran terjadi dahupacara agustus di ikn,positif
untung yang kepilih jadi presiden yang mau melanjutkan proses pembangunan ikn,positif
bagus klo ikn jdi mau rantau kerja disana,positif
keren,positif
sbagus kaya gimanapun prabowo gakan tinggal kerja dn memerintah dari ikn tetap akan laks di jkt karna lebih terasa jad presiden nya suasana lama,positif
keren bgt sumpah,positif
bismillahirrahmanirrahim semoga lolos magang di ikn,positif
fasilitas sebagus ini hanya bisa di nikmati bagi yg berduitsemoga indonesiaku makin berkembang dan merata,positif
maju indonesiaku,positif
ikn,positif
kayaknya bakalan jadi idaman no kota,positif
indonesia kuu,positif
jembatan apa itu keren banget,positif
mantap pak jokowi,positif
indonesia,positif
masya allah,positif
pembangunan jozz semoga vibesnya ngga kalah sama dubai,positif
ya allah semoga lancar pembangunan ikn ini untuk indonesia emasjayalah negeriku tercinta,positif
gimana dgn standar keamanan ikn apa desainya canggih atau nggakjgn sampai masuk angin lohharus canggih,positif
ikan cupang nya bagus banget,positif
keren bgt sumpah pengen bgt kerja disana gp lah jdi tukang tambal pertama di ikn,positif
keren bangeeetttt ikn pak jokowi ini luar biasa bgt pak ,positif
desain ikn terinspirasi dri atlantisibu kota yg di penuhi dengan kanal besar keren lah,positif
siap ditempatkan di ikn ,positif
mantap betul indah kali model bangunanya,positif
wowindah bangett,positif
masya allahera jokowi emang top markotop tidak omong doang,positif
klau dilihat ini udh nmpk indahharus jga kebersihan inisyg bg tmpat aja udh indahsaya aja terpesona melihat nyasalam dri,positif
wok keren n menakjubkan,positif
bagus bangetttt,positif
yg ptg lapangan nya dlu lah buat upacara,positif
insyallah dikemudian hari akan ada lahir jokowi jokowi yg lain untuk memajukan bangsa ini semoga sehat selalu presiden terbaiku,positif
mimpiiiii,positif
aku bangga,positif
bagus bangett,positif
super megahberkelas niii,positif
dki jakarta fav kelahiran,positif
wih keren bngt,positif
pembangunan kebut semoga setelah ini suksea indonesia semakin jaya dan sejahtera rakyatnya,positif
aihhh kerennn banget,positif
kerennnn,positif
mantap keren,positif
ga kebayang sebagus apa sat finishing,positif
kerenyasukses u pak jokowi,positif
bingung gw klo ini yg buat beginian siapa tapi bagus bangett,positif
ibu kota gw cakep bangett anjayy,positif
kalimantan,positif
bntr liat ini ko kya berasa di negara lain salut sama arsitex nya,positif
paskip siap siap,positif
pertahankan forest city,positif
dengan ibu kota negara baru akan timbul semangat dn harga diri bangsa indonesia sejajar dgn negera besar lainnya krena kita memang negara besar nkri,positif
hambalang,positif
gg sekali,positif
semangat,positif
walaupun belum selesai upacara bendera agustus tetap bagus di laksanakan di sana menunjukan komitmen bangsa untuk terus bergerak maju,positif
ini akan jdi salah satu list ku insha allah jika ikn udh jadi kesana ? mudahkanlah ya allah,positif
semoga selalu diberikan kelancaran pembangunannya,positif
luas lagi putra jaya,positif
bagus banget,positif
njirrr keren bnget,positif
saya kangen jokowi sayang rmh saya di kabupaten kutai timur,positif
masyallah,positif
buat study tour bagus keknya,positif
ikn akan jadi titik di bentuk ya sdm tinggi dan totalitas masyarakat dengan modern,positif
keren bgt cuy,positif
merinding rasanya cita sejak soekarno terwujud gak sabar nunggu tanggal agustus,positif
cantik selamat maju ke depannya indonesia amiin,positif
pak jokowi benar presiden hebat cerdasyg pasti presiden yg penuh sabarsehat selalu pak jokowi klgsaya bangga kagum sm bpk,positif
mantap pak pak jokowi,positif
mewah bangett,positif
vibs kek di eropa,positif
beautifull ,positif
duh keren banget dah,positif
indonesia semakin jaya,positif
masya allah keren we love indonesia,positif
terima kasih selalu buat bpk jokowi yg telah bekerja keras membangun negeri ini semoga bpk sehat selalu dan sukses selalu dan tetap semangat amiin,positif
amazing,positif
indah banget ,positif
mantap mantap,positif
akhirnyapembanggunan hadir ke kalimantan,positif
insya allah mogaterwujud dapat undangan agustus,positif
jir dah mau agustus aja,positif
indahnya,positif
bangga,positif
lapangan sepak bola terbesar di dunia,positif
cantik,positif
cantik bgt ibu kota negara kita ya kn,positif
bismillah pengen ada rumahku di sana ?,positif
bisa yook ikut upacara disini,positif
jooos,positif
semoga cepat selesai dan tanpa hambatan amiin,positif
mantab ini luar biasa kalo sudah jadi bangga banget jadi rkyat indonesia,positif
keren banget,positif
pejabat full senyum,positif
sangat boleh,positif
markas iron man versi indonesia,positif
mantul,positif
clever presiden,positif
itulah pakde walau tdk jd pmimpin lg tp mberi kenangan sejarah yg tak terlupakan,positif
macam taman tema genting higland pun ye semoga maju jaya proses pembinannya,positif
menarik,positif
semoga sntiasa maju indonesia,positif
mntap,positif
kota para petinggi,positif
menghijau ,positif
beruntung amat kali mantan,positif
indahnya ikn terimakasih bpk presiden ir joko widodo sehat selalu buta bapak dan keluarga,positif
jokowi is the best presiden now,positif
semoga indonesia terus maju aminn,positif
istana untuk anak ku,positif
indonesia maju amin salam dari malaysia,positif
manifesting to be rich bro ben iso tinggal neng kene co,positif
kamu bagian dari prosesnya,positif
keren bet,positif
klo ikn udh jdkita sbg rakyat pasti banggakrn akn bagus bangetdgn konsep kota hijauramah lingkunganidgn begitu akn byk investor yg dtgbangun pabrikperusahanotomastis byk menyerap tenaga krj,positif
the best,positif
ikn setelah menjadi kota terindah rakyat indonesia bilek: indonesia ni bos senggol dong,positif
alam merestui ikn dan allah meridhoi,positif
amang presiden joko widodo tou indonesia pakakamangen waya cita ulit,positif
kuota agustus besok lebih banyak dong,positif
ibu kota nenen,positif
terlepas dr kontroversinya aku bangga bgt liat anak negri bisa bikin kayak gini,positif
indah banget cok berasa kayak di eropa,positif
indah sekali,positif
mantab,positif
penghasilan negara akan bertambah,positif
ini bagus banget cok vibes kek diluar negri,positif
indonesia akn gagah dn tdk dipandang rendah negara lain,positif
cantik banget ayo pindah kesana jualan bakso dan es pasti laku,positif
ternyata negara gw kaya ya,positif
tapi ini kan untuk pejabat yg punya kuasa,positif
kelak yg kerja cerita ke cucunya dulu kakek loh yg ngelas tiang bendera ikn bangga sekali pastinya,positif
kebayang besok ngerek benderanya berapa lama ya kudu pake indonesia raya stanza kayaknya,positif
maha karya pling luar biasa pak jokowi jozz,positif
pasti ikn akan disorot dunia dan pak jokowi semakin harum namanya dimata orang orang baik dan positif,positif
backsound nya dayak bgt gak kerasa dayak jadi tuan rumah ikn sekarang,positif
kami warga kaltim akan menjaga ikn insyallah indonesia semakin maju dan berkembang salam putra asli paser kaltim,positif
fix tahun ini aku harus nginap dlu kermh mamak ya dkt ikn agustus berangkat ? biar tgl agustus liat upacara hehe,positif
ini yang namanya baru perubahan besarran menjadikan indonesia menjadi negara maju dan berkembang di bawah presiden jokowi presiden ke bangan rakyat indonesia,positif
klo diberikan umur panjang an nanti sy akan nonton depan tv tidak akan menghadiri acara an di kecamatan karena ini an terakhir bersama pak jokowi sy tidak akan melewatkan nya,positif
meter itu kaya taun kemerdekan ya taun,positif
tahun ini bisa merasakan agustus di daerahku yg biasanya cuma bisa liat di tv bisa liat pak jokowi langsung,positif
selamat kepada saudaraku dikalimantan nanti kalo ibu kota negara sdh pindah ke kalimantan jangan lupakan kami yg dijawa ya,positif
kalau saya jadi pekerja di ikn betapa bangganya karena ikut meorehkan sejarah indonesia baru,positif
kereenikn murni karya ank bngsa pak jokowi dn karyanya untk negri akn mnjdi sejarah dn dikenang olh sluruh rkyat indonesiadn dunia akn terkagumkagum dgn indonesiamntap ,positif
bangga gak sih mereka yg ikut andil dlam pembangunan ikn sya yg ikut doain aja bangga bngt loh,positif
baik ya di tempat baru pasti saudara di sana sangat baik sekali berjiwa kesatria pembeni,positif
hidup bangsa indonesia semakin besar dari sebelumnya dan semakin maju untuk berubah menjadi negara mandiri tanpa numpang bangunan bekas penjajah belanda,positif
smoga indonesia kelak menjadi negeri yg aman damai tenteram kuat dan bermartabat di mata bangsa di dunia amiin,positif
dan mereka semua pekerja akan bangga dan menceritakan bahwa sanya mereka tlah membuat ibukota baru indonesiaketika sudah tua nantiini sejarah dan tak kan pernah hilang pasti dikenang,positif
yang kerja di sana punya kebanggan yg luar biasa untuk di ceritakan sampai ke berpa generasi ntinya,positif
menyala presidenku kebetulan yg ngerjain tiang nya tmpat ku krjs,positif
semoga indonesia ku terap jaya makmur n sentosa ,positif
kebanggan para pekerja bisa mengukir sejarah di ikn,positif
sebuah simbol dimana tahun tahun kemerdekan indonesiasebuah sejarah yg sedang diukir oleh para pekerja disanaterima kasih pak jokowi indonesia semakin maju tanpa meninggalkan sisi sejarahnya,positif
keren iknsemoga kita sebagai warga ikn bisa melihat dari dekat upacara tgl agustus nanti berharap,positif
dan tgl agustus itu sy akan menjadi salah satu peserta yg mengikuti upacara tsb biiznillah,positif
bisa jd bagian dri pembangunan ikn bagus bgt suatu hari nnti bisa jd cerita buat anak cucu,positif
walaupun saya di sumatra dan kemungkinan tidak akan ke sana tapi saya bangga apakah ini yg di namakan nasionalisme,positif
ikut bangga menyaksikan pembangunan ikn mudahan suatu sat bisa berkunjung kesana,positif
buat pak jokowi dan jajaran,positif
serta seluruh pekerja di ikn yg gak pernah berhenti bergantian menuntaskan mimpi besar bangsa ini,positif
terima ksh,positif
sehat sehat para pekerja di sanakalian menjadi sejarah bangsa ini,positif
matur sembah nuwun pak presiden jokowi,positif
ketika indonesia berada di tangan yang tepat,positif
alhamdulillah bisa melihat langsung depan mata pemasangan tiang bendera nya?,positif
kok terharu yah dengar sound ama videonya akhirnya kita punya istana sendiri bukan peninggalan belanda,positif
turut bangga terima kasih pak jokowi tuhan memberkati bapak selalu,positif
semoga diberi kelancaran dan di beri kesehatan bg yg bekerjademi indonesia maju utk anak cucu ke depan,positif
allahu akbarberikan perlindungan kepada semua pekerja ikn ya allah,positif
cita cita pak shokarno ibu kota negara pindah di kalimantan telah terwujuddan di realisasikan oleh pak jokowikalian memang hebat,positif
ibu kota tercantik dengan istana garuda yang begitu megah dan gagahnya,positif
belum aja udah keliatan megahnya ,positif
sejarah baru akan segera dimulai indonesia harus hebat,positif
pengen lihat bulan agustus kek gimn,positif
betapa bangganya mereka para pekerja di ikn ikut andil dalam pembangunan ikn,positif
semoga dapat undangan untuk mengikuti upacara bendera di ikn nanti biar dari perwakilan apakah asal bisa menikmati indah dan kemegahannya di bumi halaman sendiri,positif
megah sekali,positif
hanya mrk yg hebat yg kan tercatat dalam sejarah alunan suara merdua nan indah sape telah menggema di dunia kan bercerita ttg presiden terbaik,positif
y allah semakin nyata keliatan ikn,positif
pengibar bendera agustus nanti pasti bangga menjadi generasi paskibraka nasional pertama yg mengibarkan bendera d nusantara,positif
berdoalah yang baik baik untuk,positif
nkri kita tercinta saudaraku,positif
kita semakin bangga dgn indonesia indonesia maju indonesia makmur aminnn,positif
mungkin biar ada cerita untuk cucucicit bahawa ikan hasil karya anak bangsa indonesia,positif
bakalan padet bandara dsana agustus ini,positif
hijaunya tu rumput,positif
jdi kepingin tinggal disana suasanya kayak adem gitu,positif
jayalah indonesia negeri kebangganku salam dari kalteng pangkalan bun kota manis hadir,positif
pengen rasanya ikut tapi apa daya belum mampu semoga saja ada rezeki biar bisa berkunjung kesanamin,positif
dan akan kuceritakan nanti kepada anak cucu qusejarah berdiri ikn,positif
terbaik memang indonesia maju,positif
kita patut ucapkan terima kasih kepada pekerjanyamereka bekerja tanpa rasa lelehdan ttp semangatagar bsa segera selesai pembangunan ikn biar bisa dipakai untuk upacara an nnti,positif
umur panjang aku ke kaltim bulan agustus semoga bisa lihat upacara di ikn,positif
instrumen sape sudah menyatu dgn suasana di ikn?,positif
semoga bisa lihat sejarah ibu kota pindah momen bersejarah dalam hidupku,positif
tiangnya kalau dikasih motif ukiran keren,positif
gedung ikn sangat luar biasa,positif
ya allah suara alunan musiknya sungguh indah tak bosan mendengarkan nya nusantara jaya,positif
mantap sudah terlihat megah walau belum,positif
masyallah merinding aku saking senangnnyabapak jokowi,positif
salam hormat untuk nusantara,positif
saya bangga dengan kepemimpinan pak jokowibekwrja dengan hatiindonesia memang diperhatikantanpa mengenal lelah dari sabang sampai maraukesehat terus ya pak,positif
yg jd paskibraka nya pasti bangga banget nih pertama kali nibarin bendera di ikn,positif
bangganya yg lolos paskibraka nasional,positif
yg sakit hati biarlah sakit hatiyg gembira nikmatilahktahuilah sampai kau melewati kelahiran pun tak akn kau temui manusia yg tanpa celatp sat ini hnya jokowi yg trbaik dr yg baik,positif
mang luar biasa ide nya mbah owiperdana upacara di istana negara ikn dan upacara terakhir yg dia pimpin sehat selalu pemimpin indonesia,positif
salut sama pekerja di sama mereka bagian dari sejarah di masa depan,positif
semoga para pekerja semuanya diajak upacara agustus nanti biar mereka bisa cerita ke anak cucunya klo ayah ibu dulu ikut upacara agustus pertama di ikn,positif
maju terus indonesiaku,positif
beliau adalah bapak pembangunan sekaligus pemeratan sandang pangan ,positif
jayalah negeriku selalu terdepan utk indonesia raya ,positif
masya alloh tabarakallah smg sehat smua pekerja yg ad d ikn amiin,positif
merinding gwah gk sabar liat momentum bersejarah upacara hut ri di ikn terima ksh pejuang pmbgn ikn,positif
sehat slalu smuanya,positif
masya allah bangga dgn semua anak bangsa yang membangun sekarang ini,positif
semoga lancar sampai selesai,positif
semoga nanti pas upacara bisa ke ikn,positif
bahagianya presidenku pak prabowo nanti untuk pertama x nya disana memimpin nkri,positif
salam dari jawa sodaraku yg di kalimantan saya ikut bangga,positif
semoga ikn menjadi kan kalimantan yang bermartabat di mata internasional salam sehat slalu presiden kita yang terbaik pak insinyur haji jokowi dodo,positif
mereka semua sedang mengukir sejarah negara kita,positif
benar benar indah surga nya ibukota,positif
hanya pak de jowi yg punya akal pikiran positif yg tau bahwa indonesia ku,positif
bakal,positif
d lihat dari pergerakan pmbgunan ikn semua yg bekerja orang profesional luar biasa,positif
untung saya pilih prabowo,positif
kerja cerdas kerja target,positif
berwibawagagah garuda ku,positif
merdeka indonesia hebat mendunia tks bapak presiden joko widodo semoga lancar an pertama x,positif
anak negeri yg kompeten cerdas bersahaja terima kasih semuanya semoga diberi kelancaran,positif
alhamdulillah ya allohkita punya peradapan baru kota baru yg nantinya akan tertata dengan baiksemoga di lancarkan ya alloh amiin,positif
karya anak bangsa nh indonesia sebenarnya mampu kalau di pegang pejabat yang bener amanah,positif
wauuw,positif
sangat luar biasa ,positif
sangat penasaran ingin melihat upacara hut kemerdekan indonesia di ikn,positif
jokowi memang luar biasa,positif
sehat selalu pak jokowi tks atas keberaniannya untuk memindahkan ibukota negara dan menjadi indonesia sentrik ,positif
presiden terbaik dalam sejarah indonesia,positif
mantab hari raya kemerdekanya di ikn,positif
semangat indonesia ku,positif
satu kata keren ,positif
terimakasih pak jokowi nanti indonesia ibukota barupresiden barubersama indonesia maju,positif
mantapzz indonesia emas indonesia maju,positif
terimakasih buat leluhur dayak setempat,positif
lagu ini kalau diputar jam pagi di ikn untuk memecah keheningan hutan kalimantan mantep sekali,positif
 bakalan jdi upacara terakhir pak jokowi mimpin di agustus nanti sehat selalu pak jokowi,positif
kita doakansemoga ibukota indonesia yang barusegera rampung,positif
semoga impianku menjadi paskibraka nasional bisa tercapai ? ? ?,positif
megah sekali ikn baru kita,positif
masyallah cita pak jokowi upacara knegarand lngsungkn d ikn kn trwujud amiin y allah kunfayakun,positif
gasabarr agustus nantii pertama kali upacara di adakan di ikn,positif
mari berbenah oh indonesia ku,positif
majulah indonesiaku,positif
setelah pulang kerjadia akan bilang pada anaknyayah yg pancangkan tiang benderakelak nak kau yg kibarkan bendera merah putihnya,positif
semoga ikn terus berdiri tegak dan dipandang di duniamin,positif
rasa bangga dan haru atas keberhasilan indonesia dan dengan kepemimpinan bpk presiden jokowi ikn terwujud semoga allah swt melindungi bpk presiden jokowi dan keselamatan serta kesehatan amin,positif
marilah bersatu saudara semuademi kemajuan negara tercinta kitankri,positif
kota baruhidup baru dunia baruoh indonesiaku jaya selalu ? ? ? menyala tanah airkumusiknya buat candu ??,positif
alhamdulillah ya warga kalimantan banyak yang menerima adanya ikn yang gak menerima ikn malah dr luar kalimantan,positif
semoga cepat selesai pembangunan iknmajulah indonesiakujayalah selalu indonesia   ,positif
aku stay juga di ikn karena jadi bagian dari pembangunan ikn habis sarapan liat ini mata aku berkacakaca ,positif
maju terus indonesiaku dari bumi kalimantan untuk indonesia,positif
jelas bangga banget yang pasukan pengibar bendera pertama di ikn,positif
semoga allah swt memberikan kesehatan dan keselamatan untuk kita semua amiin,positif
sampai bergetar denger berita inijayalah indonesiamajulah negeri ku,positif
masya allah keren kali,positif
berdebar hati ini moga ini tonggak indo bersatu padu maju krn tanah dan air suci seluruh indo tlh bersatu di ikn,positif
progresnya luar biasa,positif
mrs trharu n bangga smg dg pmidahan ibukota negara akan mnjdkan negara ni smkn brsatukuat makmur n adil,positif
gak kebayang gimana pas agustus nanti lebih keren pastinya,positif
luar biasa maha krya pak jokowi ini akan di kenang sepanjang masa,positif
presiden terbaik sepanjang sejarah semoga sehat selalu pak jokowi amiin ya allah indonesia mengukir sejarah nanti ku ceritakan ke anak cucuku punya presiden yg sgt hebat ,positif
aku penasaran banget liat lambang garuda yang besar itu,positif
alhamdulillah semoga lancar smua amiiin,positif
insya allah secepatnya,positif
bismillah mudahan lancar tepat waktu agustus dh bisa di tempati ,positif
semoga dilancarkan,positif
rumput nya bagus hijau,positif
luar biasa,positif
mereka lah selain mencari rezeki tpi mengukir sejarah dan berkeringat membangun ibu kota,positif
yok bisa semoga bangsa kita ini bisa menjadi negara maju,positif
aku kok merasa bangga ya,positif
semoga bisa ikut upacara agustus diikn,positif
berbanggalah seperti saya karena anak saya sudah tahun ikut bangun ikn per bulan x balik ke ke bali libur hari terbang lagi ke balik papan,positif
sehat selalu pak de saya masih percaya pade yang terbaik untuk negeri ini,positif
ikn mantap,positif
mudahan ini janji yg akan terwujud upacara agustus di ikn,positif
jadi bangga menjadi warga kalimantan timur,positif
kerenn pol,positif
kmi sekeluarga dri kalimantan mengucapkan terimakasih sebesarbesarnya kpda pa jokowi,positif
wah senangnya menjadi bagian bersejarah yang ikut pemasangan tiang bendera pasti mereka akan menceritakan kepada anak dan cucunya,positif
tidak perlu ikn untuk upacara semoga pembangunan selanjutnya lancar,positif
pengukir sejarah pastinya mempunyai tapakan yg akan dikenang anak cucu ktya itulah jokowi yg mempunyai tapakan ikn,positif
sejarah terbaru,positif
masyallahh bumi kalimantan bisa jadi ibu kota negara mau nangis bahagia bangett ya allah ?,positif
wah mantap ya saya dari muara teweh kalimantan tengah sangat senang melihat nya,positif
semoga tuhan selalu melancarkan semua,positif
kesejahteran rakyat,positif
secepat itu pembangunanya,positif
sangat bangga dengan kemajuan pesat indonesia,positif
indonesia itu kaya di tangan yg tepat,positif
aminrais mana amin rais,positif
dimana mana kerja nyata kerja baik itu menghasilkan untung bukan menghasilkan utang,positif
pak topik menyala,positif
entah kenapa ikn akan berdampak lebih maju indonesia atau justru sebaliknya karna sdh byak seluruh warga negara indonesia bersumbaksi membangun ikn,positif
semoga nkri tambah makmur,positif
boleh nda ya ikut upacara disana entah kenapa ada haru ada bahagia mengikuti pembangunan ikn smoga kita semua dilindungi yang maha kuasa semangat,positif
paskibra:ga sabar pgn cepet mengibarkan sang merah putih,positif
berdoa terus buat kelancaran pembangunan ikn,positif
semoga juga bisa ikut upacara perdana di ikn ,positif
presiden yg sangat patut dibanggakan untuk indonesia pak jokowi sehat selalu sekeluarga,positif
pt p nie bos,positif
luar biasasemoga lancar ya tuhan proses pembangunannya,positif
jokowii membuat sejarahh,positif
buat yg terbesar di dunia kejutan terbaru baru mantap tunjukan pd dunia,positif
presiden jokowi the best ,positif
wow kerreenn ikn,positif
ikn pusat pemerintahan indonesia maju ,positif
dengar musikx koq aku yg terharu yakhirx era br indonesia maju merata mulai terwujud,positif
terimakasih ya allah swt alhamdulillah masih bisa melihat progres nyata pembangunan ikn nusantara sangat bangga dan bahagia melihatnya,positif
kalimantanjagalah ikn untuk indonesia maju,positif
negara ku ikn ku yang megah,positif
indonesia maju siapa yang gak bangga negaranya semakin maju menuju indonesia emas,positif
indonesia maju bersama pak jokowi,positif
hanya bisa berkata kiranya semua yg bekerja dsna slalu diberi kekuatan kesehatan dlm menjalani setiap tugasnya masing,positif
slamat indonesia maju menuju kesejahteran yg lebih baik?,positif
jokowi,positif
tetaplah semangat demi rakyat indonesia untuk menjadikan negara indonesia maju,positif
wajah ibukota indonesia di masa depan pokoknya top markotop,positif
salam utk pacar saya di tc kanpres sayap barat,positif
akan bersejarah untuk pengibar bendera di ikn thankyou pemerintah,positif
bakal momen bersejarah upacara agustus perdana di ikn,positif
semangat para tukang percayalah tanpa bantuan kalia proyek sebagus apapun di negeri kita ini kalo tiada kalian tidak bisa terbangun meskipun kadang ada asing tetaplah semangat menjadi negara kestuan,positif
merinding breee ibu kota nusantara seperti apa megah nya setelah selesai pembangunannya,positif
merdeka indonesiaku,positif
bangsa yang besar haruslah berwibawa di mata negara lain simbol ikn adalah lambang kewibawan bangsa indonesia tercinta,positif
tahun ini upacara agustus di ikn live ya,positif
pasti akan menjadi momen sejarah bgt bagi siapapun terlibat di upacara agustus di ikn mulai dari paski gbn dan semuanya,positif
semoga tahun ini saya bisa upacara agustus di istana negera,positif
mantap keren indonesia ku mangkin majudan disegani dunia amiin,positif
sy bangga yg tinggal di desa semoi kec sepaku akhirnya disa sy jd ibu kota negara,positif
bulan lgi upacara nasional agustus pindah ke ikn antara mimpi dan kenyatan ikn bisa terwujud trimakasih pak jokowi trimakasih para pkerja ikn,positif
presiden kerja nyata,positif
masya alloh tabarokalloh smg alloh selalu melindungi nkri,positif
indah banget cuuuy alam yg hijau berpadu dengan bangunan megah berwarna putih ,positif
subahanallah udah kepingin liat pengibaran bendera merah putih di ikn gimana meriah nya ya,positif
beruntung bgt paskibraka bakal jd sejarah,positif
karya anak bangsa,positif
pasti yg kerja dsna sangat bangga telah ada dalam bagian sejarah ikn,positif
smoga d lancarkn dn d mudahkn,positif
indonesia lbih baik lgi,positif
u kita dn generasi selanjutny,positif
semoga suatu hari nanti bisa kerja dn tinggal disana aminn,positif
jadi juga ibu kotanya di ikn keren,positif
alhamdullilah tiang bendera sudah terpasang kalimantan akan menjadi sejarah upacara bendera di ikn semoga lancar jaya allah pasti memberi kelancaran amin,positif
sampe merinding membayangkan betapa bangga yg upacara pertama dan mengibarkan pertama kali di ikn,positif
tukang las tiang bendera bakal bangga sampai tua,positif
subhanallah wabihamdihi x walhamdulillahi robil alamin,positif
semoga pembanguan ikn berjalan lancar dan sukses seperti yg diharapkan demi perkembangan bangsa indonesia,positif
asalamualaikum salam sehat selalu para pekerja di ikn selalu semangat para orang pintar dami untuk indonesia emas,positif
beruntung anak paskib pertama kali naikin benderanya,positif
ibu kota baru presiden baru,positif
pk jokowi sehat selalu jangan pernah lelah untuk memajukan indonesia,positif
smga dpt undgn bisa ikut upacara di ikn,positif
pt wika ikut serta,positif
tapera juga maju,positif
kasih pak jokowi#,positif
salam semoga pembangunannya berjalan dengan lancar sokses selalu indonesia ku,positif
joko widodo presiden kebanggan indonesia,positif
puji tuhan kiranya tuhan yang maha kuasa selalu memberkati pembangunan ikn dengan selamat selesai amin,positif
indah dan merdu sekali musiknya mengiringi video dan foto pembangunan ikn,positif
semoga indonesiaku semakin maju aman sejahtera semua rakyatnya,positif
slmat untuk kaltim agustus nntik akn bnyak pnjabat dn artis yg akn mngunjungi tmpat klian slm dari kalbar,positif
alhamdulillah gak sabar nunggu upacara hut ri di ikn? aku cinta indonesia,positif
saya sangat suka,positif
amin,positif
nanti kan ku ceritakan disini dl hutannya luar biasa,positif
alhamdulillah januari lalu sudah ke ikn merinding rasanya membayangkan apel di sana,positif
gw pilih prabowo dan gibran,positif
selamat warga kaltim bangga menjadi warga negara indonesia semoga esok bisa berkunjung ke ikn,positif
mantap ikn di tanah dayak,positif
keren indonesia,positif
hormat grak,positif
masyak alloh,positif
semoga bisa buka usaha di ibukota baru,positif
aminn,positif
hoki bet nih yang bisa tembus sampek lolos paskibraka nasional,positif
mantap lancar jaya ikn,positif
menuju indonesia emas,positif
kiranya seluruh para pekerja yg siang malam dgn penuh semangat kerja yg tekun sll dlm perlindungan tuhan amin,positif
nuansa lagu dan tarian dari kaltim syahdu dan enak didengar nya,positif
mantap ,positif
jadi sejarah pribadi bagi para pekerja nya itunama mreka pasti akan tercatat dibuku sejarah,positif
bravo bravo bravo,positif
mantap indonesia ku,positif
semangat indonesia,positif
indonesia raya ikn ,positif
bangga sama pak jokowi,positif
alunan musiknya buat saya nangisyahdu sekali,positif
jokowi hebat,positif
jdi kota modern dan perpaduan alam mungkin in ibukota plg keren d dunia ibukota nusantara,positif
jaya terus indonesia ku,positif
cepet amat ya perasan baru kemaren salut sama pekerjannya,positif
gak sabar kiat upacara kemerdekan di ikn,positif
pengen punya rumah di ikn suatu sat nanti itu udah menjadi impianku sat ini,positif
semoga negri kita yg tercinta ini semakin maju ke depannya amiin,positif
indonesia emas,positif
upacara pertama dan trkhir pak jokowi d ikn,positif
terima kasih pak jokowi atas kado untuk anak cucu kami kelak sehat selalu panjang umur dan tetap semangat,positif
baca komen ya bikin haru ? ? ?,positif
semoga area dan sarana upacara kemerdekan ri bisa selesai tepat pada waktunya amiin ya rabsalam paskibra,positif
enak musiknya musik dayak seperti suara sapesuka dengerin waktu masih di kampung que,positif
smoga berjalan lancar hingga satnya nanti trimakasih presiden bpk jokowi,positif
jaya selalu,positif
luar biasa indonesiaku maju terus negriku,positif
berbanggalah saudaraku orang kalimantansetiap tahun akan ulang tahun indonesia akan di rayakan di sana,positif
hebat ini lah istana negara karya anak bangsaluar biasa,positif
jd g sabar nunggu an di ikn,positif
asyikk dpt spj,positif
terima kasih pak presiden,positif
allahu akbarjayalah negeriku bersama p prabowo subianto gibran rakabuming raka barokallah amiinn,positif
kerja cepat tapi dgn cermat supaya hasil tepat sesuai spek nya ,positif
masyallah semakin maju indonesia,positif
hanya melihat dari kejauhankami dari provinsi tetanggasalam dari kalbar,positif
terima kasih pak jokowi kau telah membuat indonesia lebih maju menuju indonesia emas harga mati,positif
muantap ikn eg,positif
masyallahhh sebagai warga kaltim terutama kami warga pusenang semoga sukses trus pembangunan di iknaminnn,positif
selamat kepada saudara kita yg ada di kalimantan jaga lah ibu kota negara kita dngn baik aman damai dan bersih kami sangat cemburu pada kalian tapi jika itu sdh jadi keputusan pak jokowi kami,positif
kerren borneo q menyala ikn,positif
terharu melihatnya jaya bangsaku tuhan senantiasa memberkati pemimpin bangsa ini,positif
sejarah baru segera dimulaisemoga indonesia semakin maju an terakhir pak jokowi sblm mengakhiri masa jabatan,positif
suami saya bilang dengan senang hati jika kelak di pindah tugaskan di ikn,positif
indonesia hebat,positif
masya allah ,positif
indonesia jaya,positif
anggota paskibraka agt akan menjadi sejarah pasukan pengibar bendera pertama kali nya di ikn,positif
jayalah nkriku,positif
masya allah tabarakallah ya allah jadikanlah ikn ini tempat yg baik untuk negara indonesia terima kasih para pekerja ikn telah bekerja keras untuk membangun ikn kalian juga luar biasa ,positif
keren?,positif
sangat indah kawan,positif
masyallah ikut bahagia walau aku ada di jawa moga kedepannya indonesia semakin jaya makmur sejahtera amiin ya rabal alamiin,positif
semangat sukses selalu kaltim menjadi ibukota baru songsong masa depan yg gemilang d generasi emas berjaya ,positif
kerennnnnn,positif
duh duh semoga tdk ada ap ya ckp mendokan yg terbaiksaia utk ikn,positif
semoga selalu berkelanjutan,positif
bangga sekali sebagai orang kalimantan ,positif
aku bangga punya mbh owi,positif
sehat trs y bapak akhirnya ibu kota jadi pindah damai dari blora jawa tengah,positif
maju terus indonesiaku sehat dan berkah selalu buat pak jokowi,positif
tar cari kerja di ibukota,positif
woww,positif
indonesiaku,positif
aku dayak bangga banget tks pak presiden ku pak jokowi sehat sllu sampai berakhir masa jabatan nt kami dayak merindukan bapak,positif
pokoknya semua konten ttg ikn ku like semua,positif
semoga an nanti bs menyaksikan upacara disitu betapa bangganya aq,positif
sumpah aku org jawa enak denger sound nya enak bnget,positif
trima kasih bpk joko widodo berserta anggotanya karena telah mewujudkan impian bpk presiden ir sukarno,positif
kalo bisa nanti ada tugu kas kalimantan yg brdiri kokoh di depan istana negara ,positif
sehat sllu pekerjan ikn,positif
pak jokowi sehat selalu,positif
bangga ya saudara yg di kalimantan jaga selalu ya ini tantangan besar buat saudara kita yg ada disana kelak akan ramai sekali pulau kalimantan,positif
gagah nya indonesia kuu,positif
jujur bangga banget karena ikn karya anak bangsa indonesia sendiri terimakasih pak jokowi membuat indonesia di pandang dunia,positif
insyallah nanti jadi salah satu penari yg akan ikut serta pada acara agustus di ikn semoga acara berjalan lancar ,positif
semoga indonesia semakin maju kedepan nya,positif
ini para pekerjanya pasti bangga membangun ikn,positif
gk sia jokowikerja kerasmu terbayarkan,positif
jaya indonesia,positif
yang kerja disana pasti bangga,positif
mantap uyyyy,positif
tmbah jauh q ke ibukonya ? semoga makin maju indonesia kita,positif
wah keren ,positif
apalagi inspekturnya bpkjokowi ,positif
aku bangga lahir d indonesia,positif
si hijau,positif
sehat slalu pak dhe semoga indonesia bisa segera menjadi negara maju amiin,positif
tetap lh berdiri kokoh hingga akhir,positif
semoga nkri semakin berkibar dan berjaya,positif
barakallah moment yg paling bersejarah indonesia punya ibukota yg di bangun oleh putra putri indonesiaterima ksh pak jokowiwarga kalimantan,positif
moga jayalah indonesiaq ibu kota baru indonesia majulah terus,positif
sungguh indah karya kinerja pak jokowi beliau dalam hati pasti bangga mewarisi sejarah indah pada generasi penerus,positif
bagus kali pemandangan ikn,positif
musik kalimantan bikin adem,positif
tinggal beberapa bulan kedepan kita semua akan menyaksikan sejarah baru,positif
menyala indonesia kuhebat buat indonesia ku,positif
kerennn,positif
upacara terakhir presidenku menjabat sehat selalu,positif
terharu liatnya pa jokowi mg terbaik,positif
bangga lihat ikn indonesia jaya,positif
ikn bakal jdi kota maju sih,positif
andaikan aku juga bisa kerja disana walaupun serabutan aku akan menjadi bagian dari sejarah peradaban indonesia,positif
trimakasih buat semua muanya yg telah membangun salam hormat,positif
keren bangat,positif
sisi positif semaki modern nya indonesia,positif
liat makan siang gratis,positif
besarin nama mio mirza elit,positif
kenapa listrik nya model jadul ya ga langsung yang di tanam aja pasti bagus,positif
disini saya mengerti kenapa yang kaya semakin kaya,positif
memang harus begini presiden yg bagus uangnya lari ke pembangunan bukan ke perut,positif
ntr jadi juga nikmatin,positif
proyek untuk kesejahteran pejabat dan konglomerat,positif
gw orang jawa asli tinggal tapi di area desa gw mendukung projek ikn krn walau di tmpt sy masih desa pun sy merasa cukup beda lagi sama yg di indo timur yg pembangunan masih belum marak,positif
keren banget woi bisa kali loby investor disneyland buat bikin konsep kek disney jungle cruise di ikn,positif
yg nanya ikn tuh buat pejabat doang apa ga itu tuh bakal jdi kaya jakarta cm lbih tertata full pake kendaran listrik ya intinya lbih baik moga aja sdm di sana lbih bagus dri pd di jakarta,positif
saya bangga dan yakin ikn menjadi kebanggan rakyat indonesia,positif
lagi nunggu timnas main di ikn ,positif
semoga ikn berjalan lancar tanpa hambatan hingga selesai sesuai target,positif
pak anis keren kn bg?,positif
tabarakallah,positif
smg allah karuniakan kelancaran kemudahan ada banyak kemanfatan terutama indonesia timur amiin yra,positif
sat nya penghasil batubara sawit karet terbesar di indo berkembang bkn cmn melihat tapi jangan sampai menenggelamkan adat nya karna itu yg lbh penting,positif
mindset pak owi visionerdia melihat setidaknya tahun kedepan ikn akan menyamai jakarta sekarang bahkan lebih,positif
lebih bagus ikn daripada kota setara jakarta,positif
mnurut saya pak jokowi presiden terbaik indonesia,positif
271t bisa membantu pembagunan,positif
semoga cepat selesai,positif
terbaik didunia ? ibu peri dunia khayalan dunia impiann sinetronn ?,positif
kereenn bangga saiia akhirnya pajak naik ukt naik tapera gaspoll hidup pejabat,positif
alah creator di kasih andil itu disitu,positif
ku simpan videomu bang wkwk,positif
dari pada 271t heheh,positif
jokowi is the best cuma pak jokowi yg berani memindahkan ikn,positif
harapan untuk menuju indonesia emas,positif
bng bro kl u yg ngomong w percaya karna pengalaman u dalam inves nyata,positif
alhamdulillah rumahku punya watas hektar di silkar km dekat mesjid an nur km dari kampus gunadarma,positif
sekarang sudah kerenbavus utk upacaramegah tp tidak semegah hidup rakyat,positif
dan setelah pak lurah game over ikn juga ikut game over,positif
wejokowi,positif
betul sih dengan begini senegaran bakalan joget tiap hari ok gas ok gas,positif
jokowi ter the best,positif
kata lucu harapan pemeratan,positif
bapak jokowi terbaik dia ramah poolll murah senyuman serius waktu ke tulungagung alhamdulilah bisa cium tanganya,positif
saya dan team turut membangun ikn walupun hanya memasang pintu gate otomatis,positif
yang untung investor brooo,positif
keren poll,positif
gagasan besar itu tantangannya jg besar pantang menyerah,positif
semoga aku masih bisa melihat kemajuan indonesia,positif
puji tuhan akhirnya setelah hidup dijaman purba semoga listrik bisa ngalir ke kalimantan barat utamnya didesa kami,positif
mantap harus kita hargai prestasi anak bangsa semoga indonesia makmur maju,positif
ibukota indah nasib masyarakat indah juga kh?,positif
pakde udah ambil keputusan yg baik kalo jawa di terusin bisa bisa overload kek india makanya dipindahin,positif
jokowi presiden terbaik,positif
sekarang belum terlihat hasilnyananti tahun kedepan akan membuat bangga rakyat indonesia,positif
kalo ada orang miskin tinggal dsitu itu keren tapi bisa kah ,positif
masih bagusan monumen bambu jt,positif
enakya yg kerja disana,positif
jakarta terlupakan,positif
proyek ikn biar ga bisa demo,positif
masih murah la kalau cuma 271t tak sebanding apa yg diambil rafael alun 271t bisa bangun ikn yg lengkap dengan fasilitas kretacepatnya,positif
catet yang video terakhir abang ini bakal jadi tempat bagus buat lihat gedung gedung kayak di korea,positif
cita bisa kerja di ikn,positif
jaya negaraku,positif
terbaik dalam sejarah indonesia pak jokowi,positif
hotel rs restaurant dll tentu akan bnyak menyerap tenaga kerja ,positif
pasar ya sebelah mna bang,positif
sekarang dianggap buang uangsomeday mungkin di akan bilang terim kasih pak jokowi,positif
yang komen orang cerdas semua,positif
tbiti dah setengah loh dan dipake orang aja lagi,positif
dan anda tidak menyesal telah berinvestasi good job ,positif
harapannegara semoga lekas jadi,positif
sedang menyaksikan baca komentar org si paling pinter,positif
ini ibu kota yang di bangun oleh presiden kita dan orang indonesia menyala abangqu,positif
bismillah,positif
hm menarik ini,positif
mendoakan yang terbaik untuk negara dan pemimpinnya kita ga bisa lihat skrg tapi nanti kita bisa berbangga untuk hal ini,positif
kelak ikm akan maju sprti pulau jawa dan jakarta dn prlu proses yg pnjng intinya sbr,positif
mantep biar ga dijawa mulu,positif
kita para rakyat tunggu aja insyallah dengan adanya ikn pasti indonesia menjadi negara maju,positif
emng knp bg kan bagus kota lebih makin maju,positif
coba aja ada kicir angin besar makin indah makin relatif ada plta,positif
yeees harapan pemeratan terhadap kami masyarakat indonesia timur,positif
pengen beli tanah disana buat koskosan,positif
seblm d endors sama setalh lebh tept nya,positif
pak jokowi itu visioner kalo utk skrg memang keliatan ga worth it apa yg dia kerjakan tp suatu sat nti akan menjadi legenda,positif
kalo berhasil berarti istana negara dari anak bangsa,positif
proyek pak nanang,positif
kalau udah jadi lancar negara indonesia bakal maju deh,positif
tonton sampe akhir,positif
ikn itu kota masa depan dan banyak negara negara maju yang bikin kota masa depan seperti ikn,positif
indonesian sedang membangun sejarah baru yg di ponasiin oleh pak jokowi,positif
dan yg pnya vt salah satu yg menikmati proyeknya udah biasa kok,positif
anis anis bisa aja li,positif
ni gau tambahin 271t,positif
respectt pak jokowii,positif
projek ni mau dibikin seperti putrajaya malaysia semoga succes bagus pemikiran pak jokowi majukan indonesia,positif
ikn menyala,positif
terima saja lah pembaharuan,positif
semoga indonesia terus maju salam dri malaysia,positif
harap cepat selesao ya,positif
ambisi besar,positif
slm knl dari asn bg ?,positif
welcom di ibukota ikn,positif
itu untuk kebaikan masa depan,positif
terinspirasi dari ibukota wakandapreeeeeeettt,positif
triliun kecil untuk indonesia sebesar ini biaya covit saja triliun lanjutkan p jokowi,positif
untung nya bagi rakyat,positif
baik aja bg,positif
gilak padahal dulu kayak gtu sekarang dah mirip kota banget pesat sekali pembangunannua,positif
nnti kita bisa main ke kalimantan ya,positif
gw bisa ngmong koq sama elon mas,positif
jilattt,positif
nanti tahun an akan beda lagi semoga semakin maju,positif
dah fix banyak konten kreator mulai jd sales karna ada amplop,positif
kontraktornya senyum tuhdalam hatiwoyy bayar invoicenya,positif
betuldalama membangun selalu ada pro kontra dan banyk gak ykin akan pembangunan itutp skrng pak jokowi benar memang bikin gebrakan dgn kota masa depan,positif
jokowi itu pinter bro jadi percaya aja,positif
sini saya bantu 271t,positif
kerja bagus pakde,positif
hahaha ngikut juga kan orang orang kayanya,positif
kenapa ikn bagus karna buat tuan pejabat yg ganteng dan angin juga amanah dan tidak pernah korupsi sampe 271t,positif
dari pada 271t di makan sendiri,positif
271t kako di ambil lumayan juga ya,positif
keren pa presiden,positif
suatu sat anak cucu keturunanmu akan menikmatinya,positif
saya bangga jd rakyat indonesia semakin tahun pemimpin negara ini menuju kesetaran dengan negara maju ,positif
terima kasih bang sdh kasih info buat kami luar biasa pa jokowi,positif
pak jokowi emang,positif
semua butuh proses,positif
gw akan cerita ke anak cucu gw bahwa dulu pernah ada presiden yg paling terbaik sepanjang masa dialah pak jokowi,positif
gua sihh dukung juga ikn mau gimana juga gua tetap ikut ikn jadi ibu kota baru,positif
smoga blackrock join investasi di ikn,positif
semoga ikn jadi supaya bisa saingan sama kota maju di negara lain,positif
percaya proses,positif
besarorang terkaya indonesia siap membangun indonesia semua itu dikerjakan oleh pihak swasta lokal(putra daerah) klik google orang terkaya indonesia,positif
untung prabowo menang jdi bisa lanjutin deh tuh proyek,positif
keren bang,positif
,
,
,
,
,
,
,
,
,
,
,
,
,
,
,
,
,
,
,
,
,
,
,
,
,
,
